,company_name,address,telephone,fax,email,website,contact_person
0,,, , ,,, 
1,,, , ,,, 
2,"A&G INTERNATIONAL CARGO (THAILAND) CO., LTD.","514/18  REGENT RATCHADA,  SOI RAMKHAMHAENG 39 ( THEP LE LA 1)
RAMKHAMHAENG RD.,  WANGTHONGLANG,
WANGTHONGLANG, BANGKOK 10310",662-158 2552 ,662-158 2698-9 ,ang@angth.com,http://www.angth.com,MS.NANTAPORN CHOTCHANSIRISUK 
3,"ABLE LOGISTICS CO., LTD.","1168/76 ZONE D. LUMPINI TOWER 26th FLOOR,
RAMA 4 ROAD, THUNGMAHAMEK, SATHORN,
BANGKOK, THAILAND, 10120",662-679-7080 (15 Lines) ,662-679-7081-2/679-7881 ,able@able-logistics.co.th,,MRS.HUNSA WERAWINUNTANAUL 
4,ACCESS TRANSPORT CORPORATION LTD,"23/74 SORACHAI BUILDING, 
20th FLOOR, SUKHUMVIT 63,
SUKHUMVIT RD, KLONGTON-NUA,
WATTANA, BANGKOK 10110 THAILAND.",662-714-3180 ,662-714-3187-88 ,monthira@accorp.co.th,,Ms. Monthira Chiewudomrat 
5,"ACCORD PILOT LOGISTICS (THAILAND) CO.,LTD.","2024/84 RIMTHANG ROTFAI SAIPAKNAM RD., PHRAKANONG, KLONGTOEY, BANGKOK 10260",02-3330505 ,02-7428727 ,boonyaporn@pilot.co.th,,MS.BOONYAPORN SUTATHO 
6,"ACUTECH CO.,LTD.","87/126 Modern Town Tower. Building A.
17TH Floor, Sukhumvit 63 Road,
North Klongton, Wattana, 
Bagnkok, 10110","662-711-6180-3, 711-4670-1 ","662-381-7566, 711-4672, 711-6930 ",samatha@acutech.co.th,http://www.acutech.co.th,MR.SAMATHA MAETEPUTTI 
7,"AERO MARINE TRANSWORLD CO., LTD.","33/69-70 Wallstreet Tower Bldg., 14th Floor, Surawongse Rd., Suriyawongse, Bangrak, Bangkok 10500",662-019-0898-9 ,662-035-1898 ,sales@aeromarine-transworld.com,http://www.aeromarine-transworld.com,MR.ANAN CHANKUPTARAT 
8,"AIR TIGER EXPRESS (THAILAND) CO.,LTD.","524/22 Soi Preyanuch (Soi 19) Rama 9 Road,Bangkapi, Huaykwang, Bangkok 10310",662-719-7859-65 ,"662-719-7983 , 02-719-7984 ","tanawut@bkk.airtiger.com, ad-min@bkk.airtiger.com",http://www.airtiger.com,MS. WANIDA THONGSUK 
9,ALFREIGHT INTERNATIONAL LIMITED,"44 SOI YAEK SOI SANTISUK, 
RAMA IV RD.,PHRAKANONG,
KLONGTOEY, BANGKOK 10110.",662-712-1250 ,"662-391-0582, 391-3901-2 ",SIRILAK@ALFREIGHT.CO.TH,,MS. SIRILAK PUNAPANONT 
10,"ALISPED (THAILAND) CO.,LTD.","B-SQUARE RAMA IX-MENGJAI,600/18 RAMKHAMHAENG 39 WANGTHONGLANG, WANGTHONG,BANGKOK 10310",662 196 1901-04 ,662 196 1905 ,account@alisped.co.th,http://www.alisped.co.th,MS. SONGSAENG  KHANNAK 
11,"ALL-WAYS LOGISTICS CO., LTD.","99/390 BAAN KLANG MUANG SATHORN-TAKSIN2,
(SOI 23), SOI SUANLUANG, KALLAPRAPRUK ROAD, BANGKHO,
JOMTHONG, BANGKOK 10150",(66-2) 490-3555  ,(66-2) 490-3525 ,info@allwayslogistics.com,http://www.allwayslogistics.com/,MR.NONNARIT ATHIPATPONGSAKORN 
12,"ALPHA NETWORK LOGISTICS CO.,LTD.","191/1 HUNG SENG HUAT BLDG.,8TH FL.,
RAMA 3 RD., BANGKORLAEM DISTRICT,BANGKOK 10120.",662-689-1689 ,662-689-1166-7 ,weena@alphanetwork.co.th,,MR. SUCHIN JAMORNLUCK 
13,"ALPINE LOGITICS CO.,LTD.","42, Connect Tower, 5th Floor, Room 5B, Narathiwat-Ratchanakarin 10, Thungwatdon, Sathorn, Bangkok 10120 Thailand",662-286-8004 ,662-286-8084 ,nathee@alpine.co.th,http://www.alpine.co.th,MR. KOMSUN HIRUNYASAKORN 
14,"ALPS LOGISTICS (THAILAND) CO., LTD.","191/74 CTI TOWER, 12A FLOOR, RATCHADAPISEK ROAD, KLONG TOEY, BANGKOK 10110",66-2661-8085-87 ,66-2661-8088 ,thanakrit.13.chitupha@alps-logistics.co.th,,MR. THANAKRIT 
15,"AMAZING LOGISTICS AND SUPPLY CHAIN CO.,LTD.","2922/204 Charn Issara Tower 2, 11th floor, New Petchburi Road, Bangkapi, Huaykhwang, Bangkok 10310",02-034-3789 ,02-034-3777 ,infm@amazing-lsc.com,http://www.amazing-lsc.com,MS. PIMPAPHAT RAKTHAMYING 
16,APT SHOWFREIGHT (THAILAND) LIMITED,"98/7-8, YANNAWA ROAD., CHONGNONSEE, YANNAWA, BANGKOK 10120",02-165-6158 ,02-165-6160 ,"jariya@aptshowfreight.com, taneeya@aptshowfreight.",http://www.aptshowfreightlogistics.com,MS. JARIYA WONGSKULPIN 
17,"ASL LOGISTICS CO.,LTD.","26/55 Nanglinchi Road, Thungmahamek Sathorn, Bangkok 10120",02-286-5566 ,02-286-5566 ,chakree@asl.co.th,http://www.asl.co.th,MR. CHAKREE CHAIWATTAKUL 
18,"ATLANTIC FORWARDING CO., LTD.","1447 TOWN IN TOWN SOI 3/3, SRIWARA ROAD, PLABPLA, WANGTHONGLANG, BANGKOK 10310",662-530-9327 ,662-530-9411 ,"atlantic@atlantic.co.th,ladda@atlantic.co.th",http://www.atlantic.co.th,MS. LADDA SRIDAENG 
19,"AWARDS FREIGHT SERVICES (THAILAND) CO.,LTD.","23/75,76 SORACHAI BLDG., 
20TH FL., SUKHUMVIT 63 ,SUKHUMVIT RD, KLONGTON-NUA, WATTANA, BANGKOK 10110",662-714-3000 (AUTO) ,662-714-3277 - 78 ,thitaporn@awards.co.th,http://www.awards.com.hk,MS.THITAPORN PHARAKSA 
20,"AWOT GLOBAL LOGISTICS (THAILAND) CO.,LTD.",,662-171-7692-95 ,662-171-7696 ,eing_suchada@awotglobal.com,,MS.SUCHADA BOONSONGTANARAK 
21,"BANGKOK FREIGHT FORWARDERS CO., LTD.","68/83-84 Moo 5, Rachathewa, Bangphli,
Samutprakarn 10540","662-738-8630, 8755 (auto 16 lines) ",662-738-8759-62 ,artorns@bafcothai.com / seafreight@bafcothai.com,http://www.bafcothai.com,MS.PENRUNG SOMBOONSIN 
22,BDP ASIA-PACIFIC LTD.,"75 White Group Building I, 3rd Floor, Soi Rubia, Sukhumvit 42 Road, Prakanong, Klongtoey, Bangkok 10110",662-105-4629 ,662-381-1044-5 ,kamonrat.s@bdpint.com,http://www.bdpinternational.com,MS.KAMONRAT SRIRUYA 
23,"BEE LOGISTICS (THAILAND) CO.,LTD.","2/22 IYARA TOWER,6TH ROOM NO.601,CHAN ROAD,THUNGWATDON,SATHORN, BANGKOK 10120",662-2862700 (Auto) ,662-286-7553 ,acc1.th@beelogistics.com,http://www.beelogistics.com,Mr. Nipon Tiyathanakul 
24,BEGISTICS PUBLIC COMPANY LIMITED,"3656/64 Geen Tower Building, 19th Floor, Unit K,Rama 4 Rd., Klongton, Klongtoey, Bangkok 10110",662-367-3570-6 ,662-367-3577 ,uratchat.su@begistics.co.th,,MRS. URATCHAT SUBHAVAN 
25,"BEST BONDED WAREHOUSE CO., LTD.","3/2 KING KAEW, BANGPLEE,
SAMUTHPRAKARN 10540.",662-750-1531-5 ,662-750-1530 ,mkt@bestbonded.com,http://www.bestbonded.com,MR. MONTRI KAMPRASERT 
26,"BETTER FREIGHT & TRANSPORT CO., LTD.","116/89 SSP TOWER 2 ,23rd FL., 
NA RANONG RD., KLONGTOEY , 
BANGKOK 10110",662-672-9982 ,662-672-9710 ,songpol@better-freight.co.th,,MR.SONGPOL DULLAYAPOL 
27,"BIZCON LOGISTICS CO.,LTD.","1400 1st Floor Thai Building, Klongtoey, Klongtoey, Bangkok 10110 ",02-249 4621 ,02-249 4222 ,info@bizconlogistics.com,http://www.bizconlogistics.com, 
28,"BOLLORE LOGISTICS (THAILAND) CO.,LTD.","75/71 RICHMOND BUILDING 19FL., SUKHUMVIT SOI 26, SUKHUMVIT RD., KLONGTON, KLONGTOEY, BANGKOK  10110",662-261-1920-30 ,662-261-8335-6 ,pornwarin.thongin@bollore.com,http://www.bollore.com,MS. PORNWARIN THONGIN 
29,"BOONMA MOVING & STORAGE CO., LTD.","1958 RAMKHAMHAENG  ( HUAMARK ) , BANGKAPI, BANGKOK 10240.",662-314-2980-1 ,662-18-2447 ,chaivudhi@boonma.com,,MR.CHAIVUDHI PUNGTONG 
30,"BUDGET LOGISTICS SERVICES CO.,LTD.","89/46 Moo.15 Enterprize park, Bangna-Trad Rd, Bangkaew, Bangplee, Samutprakarn 10540",02-170-8720-2 ,02-170-8723 ,account@budgetlogistics-th.com,,MS. DAORUDEE  THONGNIL 
31,"C.T.A. CO.,LTD.","14/15-17 SOI RIM KLONG PHAI SINGTO, RAMA IV RD.,
KLONGTOEY, KLONGTOEY, BANGKOK 10110.",662-258-1129 (24LINES) ,662-259-3817-18 ,service@cta.co.th,http://www.cta.co.th,MR.CHAIWAT SIVASIRKARUL 
32,"CARGO CLASS CO.,LTD.","271 MOO BAAN PAKDEE, RAMA 3 ROAD,
BANGKORLAEM, BANGKORLAEM,
BANGKOK 10120",662-226-4291-96 ,662-224-9034-5 ,"kung@cargo-class.com, ying@cargo-class.com",http://www.cargo-class.com,MR.PAWEENA THANOMPAKORN 
33,"CARGO PACIFIC OVERSEA CO., LTD.","81/1 Soi Sukumvit 46, Sukumvit Road, Prakanong, Klongtoey, Bangkok 10110",662-7120967 ,662-3922519 ,pichai@cpo2000.com,,MR. PICHAI PIYASOMBOON 
34,"CARGO SERVE CO.,LTD.","350/46 SOI RAMA 3 SOI 71, RAMA 3 RD., CHONGNONSEE, YANANAWA, BANGKOK, 10120",02-285-3340 ,02-288-3341 ,ladda@cgoserve.com,http://www.cgoserve.com,MS. LADDA CHOTICHANAWONG 
35,"CARGOHUB EXPRESS (THAILAND) CO.,LTD.  ","729/93 RATCHADAPHISEK ROAD., BANGPONGPANG, YANNAWA, BANGKOK 10120",662-683-8800 ,662-683-8008 ,suppawatt@cargohub.co.th,http://www.cargohub.co.th,MR. SUPPAWATT BAVORNVISVAYOSA 
36,"CARGONET WORLDWIDE CO., LTD.","3388/81 SIRINRAT BUILDING, 22nd FLOOR , RAMA IV RD.
KLONGTON, KLONGTOEY
BANGKOK  10110",662-367-5730-41 (AUTO) ,662-367-5743 ,sompob@cargonetthai.com,,MR.SOMPOB PONGPITAKKIJ 
37,CARGOWEB WORLDWIDE LTD.,"3656/26  9TH FLOOR ,GREEN TOWER,RAMA 4  ROAD, KLONGTON,KLONGTOEY,BANGKOK 10110",662-367-3319 ,662-367-3316 ,lersak@cargoweb.co.th,http://www.cargoweb.co.th,MR.LERSAK TECHASETH 
38,CENTRAN INTERNATIONAL CORPORATION (THAILAND) LTD.,"3388/90, 91 SIRINRAT BUILDING, 25th FLOOR , RAMA 4 RD., KLONGTON,
KLONGTOEY, BANGKOK 10110",662-367-5935-42 ,662-367-5090-1 ,"export@cic.co.th,cic@cic.co.th",http://www.cic.co.th,MS. MARIYA MATAKITTINUN 
39,"CHUMPHOL INTERNATIONAL MARKETTING CO.,LTD.","373,375 Ramintra Rd, Anusawaree Sub-District, Bangkhen District, Bangkok 10220",02-973-0100 ,02-973-0131 ,chumphol@chumphol.com,,MS. SOMRUTHAI SEDKHONTOD 
40,"CJ LOGISTICS (THAILAND) CO., LTD.","598 Q House Pleonchit Building, 16th Fl., Pleonchit rd., Lumphinee, Pathumwan, Bangkok 10330",02-627 3925 ,02-627 3923-4 ,"jakrin@cj.net, chan0804@cj.net, jjsam@cj.net",http://www.cjkoreaexpress.co.kr,Ms.Premrudee Tonsirilum 
41,"CLASQUIN (THAILAND) CO., LTD.","163 OCEAN INSURANCE BUILDING,14th FLOOR UNIT F-G, 
SURAWONGSE ROAD, SURIYAWONGSE,
BANGRAK, BANGKOK 10500.",662-634-2360-3 ,662-634-2370 ,sirida.c@clasquin.com,http://www.clasquin.com,MS. SIRIDA CHAMNIPRAKON 
42,COLGATE-PALMOLIVE (THAILAND) LTD.,"19 OFF NA-RANONG RD., SUNTHORNKOSA ROAD, KLONGTOEY, BANGKOK 10110",02-229-8000#4235 ,02-240-3516 ,"kitisak_s@colpal.com, maneephan_s@colpal.com",,"MR.KITISAK SANGKAEO, MS.MANEEPHAN SAKTEERA,MS.DARA "
43,"COMMERCIAL CARGO SERVICES CO.,LTD.","3763/5-6 RAMA 4 RD., PRAKANONG,
KLONGTOEY, BANGKOK 10110","662-381-4467-71, 662-381-4473-75 ","662-381-4482, 662-391-2038 ",ccsco@anet.net.th,,MR.CHARNCHAI HENG 
44,COMPREHENSIVE CARGO MANAGEMENT LTD.,"617/1-2 SOI SAWASDEE 4,(SUKHUMVIT 50) 
SUKHUMVIT ROAD, PRAKHANONG,
KLONGTOEY, BANGKOK 10260.",662-333-0362-78 ,662-333-0380 ,"ccm@ccmgroups.com,duangta@ccmgroups.com,panjai@@cc",http://www.ccmgroups.com,MS.DUANGTA KIJSAKA 
45,"CONAIR INTERTRAFFIC CO., LTD.","3-3/1 Nonsee Road, Chongnonsee, Yannawa, Bangkok 10120. Thailand.",+66-2-295-0444 ,+66-2-295-2604-5 ,conair@conair.co.th,http://www.conair.co.th,Mr. Pongsak Limchaikul 
46,"CONSOL LINK CO.,LTD.","1 Handle Inter Group Building, Bangna-Trad Soi 21 (Yaek 11), Bangna-Trad Road, Bangna, Bangkok 10260",662-393-6800 (auto lines) ,662-393-8485-8 ,krisana@handleintertrans.com,, 
47,"CONVERGENT INTERFREIGHT CO., LTD.","324/29, 1st Bangnaresident BLDG., Sanpawud., Bangna, Bangkok 10260",02-744-7414 ,02-744-7415 ,admin@convergent-interfreight.com,http://www.convergent-interfreight.com,MS. SUPPATTIDA CHUECHAROEN  
48,"CPO EXPRESS CO.,LTD.","81/1,Soi Sukhumvit 46, Sukhumvit Road, Prakanong, Klongtoey, Bangkok 10110 Thailand",662-712-1775(Auto) ,662-7121696 ,Roger@cebkk.com,http://www.cebkk.com,Mr.Olarat / Mr.Rungroj /Mr.Satachan 
49,"CROSS+WORLD INTERNATIONAL CO., LTD.","896/23-24 SV City Office Tower 1, 15/F. Rama 3 Rd., Bangpongpang, Yannawa, Bangkok 10120 THAILAND",662-682-8000 ,"662-682-9200, 7887 ","cs@cwi.co.th , siri@cwi.co.th",,MR.SIRI LAOCHUWONGSE 
50,"CTI LOGISTICS CO., LTD.","CTI Tower, 31st Floor
191/2-5 Ratchadapisek Road
Klongtoey, Klongtoey
Bangkok 10110 ",662 258 0060 Hotline 1671 ,662 260 1347 ,pongpadet@ctibkk.com,http://www.ctibkk.com,Mr. Pongpadet Ongpreechakul 
51,"DART GLOBAL LOGISTICS (THAI) CO.,LTD.","55/30-31 SOI NONSI 1, NONSI ROAD, CHONGNONSI, YANNAWA, BANGKOK 10120",02-294-8300 ,02-294-8410-12 ,dgl@dartglobal-bkk.com,,MS. NONGYAO INLUANG 
52,"DEUGRO PROJECTS (THAILAND) CO., LTD.","888/144, Ploenchit Rd., Lumphini,, Pathumwan, Bangkok 10330, Thailand",662-689 6013-7 ,662-688 3184 ,kunchit.kurasiri@deugro.com,http://deugro.com,Mr.Kunchit Kurasirikul 
53,"DEXTRA INDUSTRY AND TRANSPORT CO., LTD.","247 SARASIN ROAD, 5th FLOOR, LUMPINI II BLDG.,
LUMPINI, PATHUMWAN, BANGKOK 10330","662-651-9027-36,119-4488 ",662-651-8005-6 ,transport@dextragroup.com,,MS. NATTAKUL CHIMMUANG 
54,DGM SUPPORT (THAI) LTD.,"44 SOI YAEK SOISUNTISUK, RAMA 4 ROAD, PRAKANONG, KLONGTOEY, BANGKOK 10110 THAILAND",02-712-3931-2 ,02-712-3930 ,"romsai.p@dgm.co.th,vichai.m@dgms.co.th",http://www.dgmsupport.com,MR. ROMSAI PHONTHISOONTHORN 
55,"DIMERCO EXPRESS (THAILAND) CO., LTD.","Unit 2003-3 & 2004 20th Floor, Rasa Tower 1, 555 Phaholyothin Road, Chatuchak,Chatuchak, Bangkok 10900",662-937-1979  ,662-937-1671-74  ,maew_m_puttan@dimerco.com,http://dimerco.com,MS. WIRALTHITA PUTTAN 
56,DSV AIR & SEA LTD.,"3rd, 7th Floor, Vibulthani Tower 1, 3195/8,12 Rama IV Road, Klongton, Klongtoey, Bangkok 10110",662-033-8100 ,662-033-8198-9 ,"Supanit.sansuktaweesub@th.dsv.com,Chanokpat.charuv",http://www.th.dsv.com,MRS. SUPANIT SANSUKTAWEESUB 
57,"DYNAMIC INTERTRANSPORT CO., LTD.","313 SILOM ROAD, SILOM, BANGRAK, BANGKOK  10500","662-6258000 (7523, 7519, 7612) ","662-631-0984 , 662-631-0978 ",dynamic@dynamic.co.th,http://www.dynamic.co.th,MR.TEERAPONG TANAVAROTAI  
58,"EAGLES AIR & SEA (THAILAND) CO.,LTD.","12 SOI ICD 5, CHAOKHUNTHAHARN ROAD, KHLONG SAM PRAWET, LAT KRABANG, BANGKOK 10520",662-790-4599 ,662-970-3995 ,phanumat.s@eaglesthai.comphanumat.s@eaglesthai.com,http://www.eaglesthai.com,MR. PHANUMAT SAVAT 
59,"EAGLETAINER LOGISTICS (THAILAND) CO.,LTD.","77/90-91 Sinn Sathorn Tower,22nd Floor, Krungdhonburi Road, Kwaeng Klongtonsai, Khet Klongsarn, Bangkok 10600",02-862-3092 ,02-862-3091 ,"venus.i@pds-bkk.com,aree@sgl-logistics.com",,MS. VENUS PATWIRIYAPHOKHIN 
60,"EAST-WEST LOGISTICS CO., LTD.","10/1  SOI  FARM  WATANA , 
RAMA  4 Rd. , KLONGTOEY , 
PRAKHANONG , BANGKOK  10110.",662-712-0130-302 ,662-712-0155 ,pum@ewl.co.th,http://www.ewl.co.th,"MR. TANYA TANYAPONGPANICH, MR. SOMCHAI BOONSAISU "
61,"ECU WORLDWIDE (THAILAND) CO., LTD.","628, 5th Floor, Triple I Building 
Soi Klab Chom 
Nonsee Road 
10120 Bangkok
Thailand",662-681-8555 ,662-681-8262 ,viraj@eculine.net,http://www.eculine.net,MR.VIRAJ NOBNOOMTHAM 
62,"EMBASSY FREIGHT (THAILAND) CO., LTD.","46/3 EF BUILDING, SOI SOONVIJAI 4,
NEW PETCHBURI ROAD, BANGKAPI, 
HUAYKWANG, BANGKOK 10310 THAILAND",662-718 1111 ,662-718 0930 ,suebroong@embassyfreightbkk.com,http://www.embassyfreightbkk.com,"Mr. Suebroong , Ms. Patchara "
63,"EMINENCE WORLDWIDE (THAILAND) CO.,LTD.","I.T.F.TOWER 140/63 25th FLOOR, SILOM RD.,SURIYAWONG, BANGRAK, BANGKOK 10500",02-117-2468 ,02-177-2478 ,suphansa.k@eww-group.com,,MS. SUPHANSA KHAEPROMMARACH 
64,"EMPEROR LOGISTICS PROVIDER (THAI) CO., LTD.","35/86 MOO 3, SRIRACHA TOWER 2 VILLAGE, TANONKAOKILO 31 AVENUE, SUKHUMVIT RD., SURASAK SUB-DISTRICT, SRIRACHA DISTRICT, CHONBURI 20110, THAILAND",66 (0) 33-043299 ,66 (0) 38-112219 ,thananant@emperorlogistics.com,http://www.emperorlogistics.com/,MS. THANANANT SAETANG 
65,"ENTERPRISE TRANSPORT INTERNATIONAL CO., LTD.","1000/34 P.B. TOWER 10 TH FLOOR,
SUKHUMVIT 71 RD., NORTH  KLONGTAN,
WATTANA, BANGKOK  10110.",662-381-1706 ,662-391-7852 ,apichit@enterprise.co.th,,MR.APICHIT PORNVORANANT 
66,"ERAWAN MULTIMODAL SERVICES CO., LTD.","77/38 SINN SATHORN TOWER, 12TH FLOOR, KRUNGDHORNBURI ROAD,
KLONGTONSAI, KLONGSARN, BANGKOK 10600",662-440 0510-4 ,"662-4401105,662-4401092 ","aree@ems-bkk.com,admin@ems-bkk.com",http://www.ems-bkk.com,MS. AREE LIKITSOMBOON 
67,"EUSU LOGISTICS (THAILAND) CO.,LTD.","3388/39 SIRINRAT BUILDING,
12th FLOOR, RAMA 4 ROAD,
KLONGTON, KLONGTOEY,
BANGKOK 10110 THAILAND",02-6856017-20 ,02-6856023 ,prangthip.le@eusu-logistics.com,http://www.eusu-logistics.com,MS. PRANGTHIP LEEVARAPAESERT 
68,"EXCEL TRANSPORT INTERNATIONAL CO., LTD.","65/1  SUKHUMVIT  19, SUKHUMVIT RD., KLONGTOEY-NUA, WATTANA, BANGKOK  10110.",662-254-5370-8 ,"662-254-2119, 662-643-9414-5 ",excel@exctrans.co.th,http://www.exceltransport.net,MS. DOLNAPA MUNPEAN 
69,"EXPRESS TRANSPORT SYSTEMS CO.,LTD.","1/25 SOI PHUEAK CHIT, VIPHAVADI-RANGSIT ROAD, CHATUCHAK, CHATUCHAK, BANGKOK 10900",02-511-5577 ,02-511-5654-55 ,"piamsook@etsthai.com,supaphorn@etsthai.com",http://www.etsthai.com,MS.Supaphorn Chinsatapornchok 
70,"FALCON LOGISTICS SOLUTION CO.,LTD.","24, Blessing Will Building, 5th Floor, Room 501, Srinakarin road, Nongbon, Pravet, Bangkok 10250",662-103-3286 ,662-1033235 ,songwoth_ch@falconlogistics.net,http://www.falconlogistics.net,"Mr.Wichien Rungpanya/MD,Mr.Songwoth Chintathum/GM "
71,"FAST TOTAL LOGISTICS CO., LTD.","39/35 Siri Square , Soi Charoenkrung 80, Bangkholaem, Bangkok 10120
        
        ",662-126-7888 ,662-126-7890 ,"vrt@vrtrans.com, account@vrtrans.com, admin@vrtran",http://www.vrtrans.com,MR.CHAICHANA TANGJITWILAIKUL 
72,"FATTON TRANSPORT (THAILAND) CO., LTD.","184/41, 14TH FLOOR, ROOM A, FORUM TOWER 7, RACHADAPHISEK ROAD, HUAYKWANG, BANGKOK 10310",(66) 2 645 3921 ,(66) 2 645 3923 ,"cs@fattonthailand.com, neng.fatbkk@gmail.com",http://www.fatton.com,MS. SUNANTA PAPOTINANG 
73,"FLASH INTERNATIONAL TRANSPORT CO., LTD.",5/15 @Area Building Room 7B2 7th Floor Soi Nonsri 5 (Buphaburi) Nonsi Road Chongnonsi  Yannawa Bangkok 10120 ,662-294-3553 (AUTO) ,"662-294-3501,294-3618 ",flash@flashinter.com,,MR. SOMCHAI SAENGTIPKUL 
74,"FLEET GLOBAL LOGISTICS CO., LTD.","309 SOI LADPRAO 93,  
LADPRAO ROAD, 
KLONG JAOKHUNSING,
WANGTHONGLANG, BANGKOK  10400",662-542-1800 ,662-542-1801 ,services@flego.biz,http://www.flego.biz,MS. LADDA KHUNAMORNLERT 
75,"FLS 1993 (THAILAND) CO., LTD.","53 Moo 9 Talay-Thong Tower, 14th Floor, Suite no.1406 Sukumvit Rd., T. Tungsukla, A. Sriracha Chonburi 20230",6638-494144 ,6638-490558 ,Piyarak@flsasia.com,http://www.flsasia.com,Ms. Piyarak Cooper 
76,"FREIGHT LINER (THAILAND) CO.,LTD.","1338/936 Rama 3 Road, Chong Nonsri, Yannawa, Bangkok 10120 ","02-294-1335-9,02-294-1346 ",02-294-1347-48 ,supak@freightliner.com,http://www.freightliner.co.th,MRS. SUPAK VONGSAPAKARN 
77,"FREIGHT LINKS EXPRESS (THAILAND) CO., LTD.","507/321 SOI SATHU PRADIT 31 (NAKORN THAI SOI 4), SATHU PRADIT RD. , CHONG NONSI, YANNAWA ,  BANGKOK  10120 THAILAND",662 210 2888 ext. 718 ,662 210 2894 ,flebkk@freightlinks.co.th,http://www.fleth.co.th,Claims Department 
78,FREIGHTZEN LOGISTICS LTD.,"23/57 Sorachai Building, 17th floor, 
Soi Sukhumvit 63, Klongton-Nua, 
Wattana, Bangkok 10110, Thailand",662-090-2220 to 6 , ,info@freightzenlogistics.com,http://www.freightzenlogistics.com,MS. ORAWAN WATTHANASEREE 
79,"FS INTER LOGISTICS CO.,LTD.","UM tower, 14th Fl., 9//151 Ramkhamhaeng Rd., Suanluang, Suanluang, Bangkok 10250",662-719-9941 ,662-717-2524 ,saowaluck@fsthai.com,http://www.fsthai.com,Mr.ChinnaphatMs.Saowaluck 
80,"FUJITRANS ( THAILAND ) CO., LTD.","33/49-50 WALL STREET TOWER BUILDING 11th FL., SURAWONGSE RD., SURIYAWONGSE, BANGRAK, BANGKOK  10500.",662-632-7711 ,662-237-6050 ,damrong@fujitrans.co.th,,MR.DAMRONG CHEENKLUN 
81,"FULL WELL FREIGHT (THAILAND) CO.,LTD.","116/71 SSP Tower 2, 19th Floor, Na Ranong Rd., Klongtoey, Klongtoey, Bangkok 10110, Thailand. ",(662) 1195222 , ,ta@fullwellfreight.com,http://fullwellfreight.com,TECHINEE AKKARAGUMTORN 
82,"GATEWAY CONTAINER LINE CO.,LTD.","1000/64-65 TROK WADCHANNAI  RAMA 3 ROAD., BANGKHLO, BANGKHOLAEM, BANGKOK 10120",02-284-3670-83 ,02-284-3694-99 ,pat@gateway.co.th,,MS. PATCHAREEWON OCSIRI 
83,"GC LOGISTICS SOLUTIONS CO.,LTD.","555/1 A Building, Energy Complex 8.Flr Vibhawadi Rangsit Rd., Chatuchak, Bangkok 10900",02-140-3700 ,02-140-3701-2 ,Thadchathorn.S@pttgcgroup.com,http://www.gc-logistics.com,MRS. THADCHATHORN SIRIYONG 
84,GEODIS THAI LTD.,"207 SOI SAENG UTHAI, SUKHUMVIT 50 RD., PRAKANONG, KLONGTOEY, BANGKOK 10260",(662) 736-2700 ,"(662) 741-4080-1, (662) 332-9047 ",banlangrat.kunawong@geodis.com,http://www.geodis.com,MS. BANLANGRAT KUNAWONG 
85,"GLOBAL POWER LOGISTICS SERVICES (THAILAND) CO., LT","90/8, SATHORN TANI BUILDING 1, 6TH FLOOR, NORTH SATHORN RD., SILOM, BANGRAK, BANGKOK 10500","662-238-2773-83 # 203,  ",662-238-2785-87 ,"nui@bkk.global-gp.com, account@globalfrtbkk.com, a",http://www.global-gp.com,MS. WANAPA BOUSUWAN 
86,"GRAND EMPORIUM LOGISTICS CO.,LTD.","15/3 MOO 7, SOI WATSALUD, BANGNA-TRAD ROAD.,BANGKAEW, BANGPLEE, SAMUTPRAKARN 10540","02-316-5583-4, 097-146-6565 ",02-750-2439 ,peerapat.s@gelogs.co.th,http://www.gelogs.co.th,MR. PEERAPAT SRIPRASERT 
87,"GTL (THAILAND) CO., LTD.","281 RATCHADAPISEK SOI 6, RATCHADAPISEK (THAPRA-TAKSIN) RD., BUKKALO, THONBURI BANGKOK 10600",662-460-2044-55 ,662-460-2041-3 ,bkk@gtl-thailand.com,http://www.gtl-thailand.com/,MS. PUSSADEE JIRAKARN 
88,GULF AGENCY COMPANY THAILAND LTD.,"Gulf Agency Company (Thailand) Ltd.
26/30-31 9th Floor, Orakarn Building, Soi Chidlom, Ploenchit Rd., Lumpinee, Pathumwan, Bangkok 10330,
Thailand",+66-2-650-7400 ,+66-2-650-7401 ,logistics.thailand@gac.com,http://www.gac.com,Mr. Mark Delaney 
89,"H.I.T. INTERCON CO.,LTD.","1 Handle Inter Group Building, Bangna-Trad Soi 21 (Yaek 11), Debaratna Road, Bangna Nuea, Bangna, Bangkok 10260",662-393-2300 ( auto lines) ,662-393-7307-10 ,ochist@handleintertrans.com,http://www.handleintertrans.com,ochist@handleintertrans.com 
90,"HANDLE INTER CONSOLIDATION CO.,LTD.","1 Handle Inter Group Building, Bangna-Trad Soi 21 (Yaek 11), Bangna-Trad Road, Bangna, Bangkok 10260",662-393-3400 ( auto lines) ,662-393-9711-14 ,ochist@handleinterconsol.com,http://www.handleinterconsol.com,ochist@handleinterconsol.com 
91,"HANKYU HANSHIN EXPRESS (THAILAND) CO., LTD.","TAC HOUSE, 5TH-7TH FLOOR, NO.1 SOI RUAMRUDEE, PLOENCHIT ROAD., KWAENG LUMPINEE, KHET PATHUMWAN, BANGKOK 10330",662-126-8500 ,662-650-8023 ,onuma@th.hh-express.com,,Ms. Onuma Pengkul 
92,"HARPERS SEA FREIGHT CO., LTD.","42 CONNECT TOWER BLDG., 8th FLOOR, ROOM 8A, SOI NARATHIWAT-RATCHANAKARIN 10, THUNGWATDON, SATHORN, BANGKOK 10120",662-224-4121 ,"662-224-3844, 224-3870 ",boonchai@harpers.co.th,,MR.BOONCHAI THANAMANOSARN 
93,"HAZCHEM LOGISTICS MANAGEMENT CO., LTD.","628, 4th FLOOR, TRIPLE I BUILDING, NONSEE ROAD, CHONGNONSEE, YANNAWA, BANGKOK 10120",662-681-8000 ,662-681-8999 ,Toon@hazchemlogistics.com,http://www.hazchemlogistics.com,MR.CHALERMSAK KARNCHANAWARIN 
94,"HTC LOGISTICS & SHIPPING CO.,LTD.","145 / 18-19 (Hong Tower) Room A901, 9th Floor Bang Khun Thian - Chaithale Road,Samae Dam Subdistrict, Bang Khun Thian District Bangkok 10150",662-408-3981 ,662-408-3982 ,Sam@thaihtc.com,http://thaihtc.com/,MR. LIN JUN 
95,"I.F.S. (BANGKOK) CO.,LTD.","356/40 GREEN TOWER ,12th FLOOR,RAMA4 RD., KLONGTON, KLONGTOEY, BANGKOK 10110",02-367-3356 ,02-367-3363 ,nikki@ifsbangkok.co.th,http://ifs-bangkok.com, 
96,"I.M.T. LOGISTICS 1979 CO.,LTD.","61/189-191 2nd FLOOR RAMA 9 ROAD., HUAI KWANG, HUAI KWANG, BANGKOK 10310",662-643-1178 ,"662-248-4858,662-245-8566 ",imt@imtgroup.net,http://www.imtgroup.net,MS. KORNRATT DUMMAI 
97,"IC INTERFREIGHT CO.,LTD","600/18 B Square Rama 9-Mengjai Soi Ramkhamhaeng 39,
Kwang/Khet Wangthonglang, Bangkok 10310",02 196 1892-5 ,02 196 1896 ,siriwan@ic-interfreight.com,http://ic-interfreight.com,Ms.Siriwan 
98,"IMEX LOGISTICS CO.,LTD.","1/52 SOI SUPAPONG 3 YAK 8, SRINAKARIN ROAD (SOI 40),
NHONGBON, PRAVASE, BANGKOK  10250",+662 330-9281-5 ,+662 330-9286 ,sales@imex-logistics.com,http://www.imex-logistics.com,MS. PHANNIPA NANUAM 
99,"INDIGO LINE CO.,LTD","No. 84/74  
Nonsi Road, Chongnonsi, Yannawa, 
Bangkok 10120 ",02-682-8944 ,02-682-8434 ,info@indigoline.co.th,http://indigoline.com,MS.MUANPHUN PROYCHAROEN 
100,INSURANCE TESTING COMPANY LIMITED,, , ,kanlaya@aits.co.th,,Kanlaya 
101,"INTERCOSPED (THAILAND) CO.,LTD.","274/1-2 SOI RUNG RUENG, SAMSEN NOK, HUAYKWANG, BANGKOK 10310 THAILAND",(66) 2 276 3068-72 ,(66) 2 276 3053-4 ,kritpong@intercosped.co.th,http://www.intercosped.co.th,MR. KRITPONG SUWANWONG 
102,INTERFREIGHT SYSTEMS LTD.,"LPN tower 10th floor, 216 NANGLINCHI RD, CHONGNONSI, YANNAWA, BANGKOK 10120, THAILAND",02-285-4030-1 ,"02-285-2460, 02-285-4344 ",sales@interfreight-sys.com,http://www.interfreightsystems.com, 
103,"IONIC LOGISTICS CO., LTD.","69, 71 SOI RAMKHAMHEANG 8 YAKE 6,  RAMA 9 RD., HUAMARK , BANGKAPI ,  BANGKOK   10240.",662-717-2691-5 ,"662-719-8141, 717-2571 ",csexport@ioniclogistics.com,http://www.ioniclogistics.com,Nathaporn Pumyum 
104,"JTJB INTERNATIONAL LAWYERS CO.,LTD.","89 AIA Capital Center, 20th Floor, Room 2003 Ratchadaphisek Road, Dindaeng, Bangkok, Thailand 10400     ","02-116-1747,02-117-1464 ",02-116-1905 ,kosol@jtjb.com,http://www.jtjb.co.th,"MR.KOSOL SURIYAPORN, MR. NAIYACHON TATHONG "
105,"JUST LOGISTICS CO.,LTD.","98 Sathorn Square Office Tower,20th Floor Unit no.2009-
2010,North Sathorn Road, Silom,Bangrak,bangkok 10500 Thailand",662 163 2866 ,662 163 2844 ,"info@just-logs.co.th,praditha@just-logs.co.th",http://www.just-logs.co.th,Ms.Praditha Pajonpai 
106,"KASE SHIPPING (THAILAND) CO., LTD.","3388/79, 22nd FL., SIRINRAT BLDG., RAMA 4 RD., KLONGTON, KLONGTOEY, BANGKOK 10110",662-367-5688 ,662- 671-6766 ,merry@kasethai.co.th,,MRS. MERRY TAN 
107,"KERRY-APEX (THAILAND) CO.,LTD","163 Thai Samut Building, 14th Fl., AB Surawongse Road, suriyawong, Bangkok 10500",662-233-9888 ,662-233-8817-8 ,sirirat.chomduang@kerryapex.com,,MS. SIRIRAT CHOMDUANG 
108,"KODAI (THAILAND) CO.,LTD.","43 THAI CC TOWER ROOM 180, 18TH FLOOR, SOUTH SATHORN ROAD, YANNAWA, SATHORN, BANGKOK 10120",662 210-0025-26 ,662 675-6220 ,"khaophun@kodai-thailand.co.th,mook@kodai-thailand.",,"MS. PORNTHIP PUTTHA, MS. PICHAMON KUNAGORN "
109,KUEHNE + NAGEL LIMITED,"2034/116 - 117,120 - 123, 27th - 28th FLOOR ITALTHAI TOWER,
NEW PETCHBURI ROAD, BANGKAPI, HUAYKWANG BANGKOK 10310",662 018 8800  ,662 012 4260 ,"metta.vichaikatka@kuehne-nagel.com ,jiraporn.Kumso",http://www.kuehne-nagel.com,MS. METTA VICHAIKATKA 
110,"KWE-KINTETSU WORLD EXPRESS (THAILAND) CO.,LTD","99 Soi Ladprao 28, Ratchadapisek Road, Chankasem, Chatuchak, Bangkok 10900","02-7925999, 02-5153888 ",02-5115720 - 8 ,kwebkk@ao.kwe.com,, 
111,"KYOEI GLOBAL LOGISTICS (THAILAND) CO.,LTD.","77/51 Sinn Sathorn Tower, 14th  Floor, Krungthonburi Rd., Klongtonsai, Klongsan, Bangkok 10600",02-405-4831 ,- ,manatsanan@kyoeigloballogistic.com,,MS. MANATSANAN PONGPATTHARASAK 
112,"LAEM CHABANG LOGISTICS CO.,LTD.","2198/10-11 EMS BUILDING, 4th FLOOR, SOI TAWEEWATTANA, CHAN ROAD, CHONGNONSEE, YANNAWA, BANGKOK 10120",02-286-5477 ,02-286-5951 ,dhanakorn.i@laemchabang-log.com,,MR. DHANAKORN ITTIPONGMAETEE 
113,LEADER MUTUAL FREIGHT SYSTEM,"65/63 6th FLOOR, CHAMNAN PHENJARI BUSINESS CENTER,
RAMA 9 RD., KWANG HUAYKWANG, 
KHET HUAYKWANG, BANGKOK  10320",662-245-4555 ,662-248-2730-1 ,"account@lmfbkk.com, export-sea@lmtbkk.com",,MR.JUSTIN WANG 
114,LEO GLOBAL LOGISTICS PUBLIC COMPANY LIMITED,"251-251/1 SOI PAKDEE, RAMA 3 ROAD, BANGKORLAEM, BANGKOK 10120",662-079-9888 (50 Lines)  ,662-079-9829  ,kettivit@leogloballogistics.com,http://www.leogloballogistics.com,MR. KETTIVIT SITTISOONTORNWONG 
115,LESCHACO (THAILAND) LTD.,"3354/36-39, 11th FLOOR, MANOROM BUILDING, RAMA IV RD., KWANG KLONGTON, KHET KLONGTOEY,
BANGKOK  10110","662-686-1000,662-767-7000 ","662-671-6600,662-767-7077 ",Nicha.buranapongsak@leschaco.com,http://www.anker-leschaco.com,MS. NICHA BURANAPONGSAK 
116,LESCHACO CUSTOMS CLEARANCE (THAILAND) LTD.,"3354/36-37, 11TH FLOOR, MANOROM BUILDING, RAMA 4 ROAD, KLONGTON, KLONGTOEY, BANGKOK 10110",0-2686-1000 ,0-2671-6600 ,Boonthong.Dechprechachai@leschaco.com,,MR. BOONTHONG DECHPRECHACHAI 
117,"LISSOM LOGISTICS CO., LTD.","364 Rama 2 Road, Samea Dam, Bangkhunthian, Bangkok 10150 Thailand ",66-2-895-9771 ,66-2-895-9772 ,info@lissom-logistics.co.th,http://www.lissom-logistics.co.th,MS. SAPATCHANAN AKRATEEKAYU 
118,"LOGEM LOGISTICS CO., LTD","75/18 Richmond Building, 10th Floor, Soi Sukhumvit 26, Sukhumvit Rd., Klongton, Klongtoey, Bangkok 10110",02-259-5640-5 ,02-259-5646-7 ,logem@logem.co.th,http://www.logemlogistics.com,MS. KANOKWAN CHAKREERAK 
119,LOGISTICS MANAGEMENT SERVICES LTD.,"2922/132, 3rd FLOOR, CHARN-ISSARA TOWER II,
  NEW PETCHABURI ROAD, BANGKAPI,
  HUAY KWANG, BANGKOK 10310",662-716-5185-86 ,662-716-5187 ,"chalit@logistics-man.com,sineenaj@logistics-man.co",,MR. SINEENATTHA EUAFUEA 
120,"LOGISTICS ONE EXPRESS CO.,LTD.","1000/127 SOI SUKHUMVIT 55 (THONGLOR), SUKHUMVIT RD., NORTH-KLONGTAN, WATTANA, BANGKOK 10110",02-381-5001-5 ,02-381-5008 ,"lakkana.t@logisticsoneexpress.com,voratat.t@logist",http://www.logisticsonexepress.com,MS. LAKKANA TANTIVIRAKUL 
121,"LOGITEM (THAILAND) CO.,LTD","75/22,27 Richmond Tower, 11th Fl., Sukhumvit 26 (Ari) Sukhumvit Rd., Klongton, Klongtoey, Bangkok 10110",662-260 8293 - 5 ,662-261 8298 ,"parinya@logitem.co.th,Phurichai@logitem.co.th",http://www.logitem.co.jp,MR.PARINYA KANANURAK 
122,LOGWIN AIR + OCEAN (THAILAND) LTD.,"8th FLOOR, VIBULTHANI 1 TOWER,
3195/13  RAMA 4 RD.,KLONGTON,
KLONGTOEY, BANGKOK 10110.",662-661-5735-44 ,662-661-5733 ,wanida.udomswangchoke@logwin-logistics.com,,MS.WANIDA UDOMSAWANGCHOK 
123,"LPK GLOBAL TRADE CO., LTD.","109 CCT TOWER 13th FLOOR, SURAWONG RD, SURIYAWONG, BANGRAK, BANGKOK, 10160 THAILAND",66-2266-3647 ,66-2235-4700 ,napassanunt@lpk-global.com,,napassanunt 
124,"M+R FORWARDING (THAILAND) CO., LTD.","15TH FLOOR. MANOROM BLDG., 3354/49 RAMA 4 RD., KLONGTON, KLONGTOEY, BANGKOK 10110 ",662-249-9787 (12 LINES) ,662-249-3844 ,accounting@th.mrspedag.com,,MISS AMORNRAT WANJAI 
125,MAC-NELS SHIPPING (THAILAND) LTD.,"729/92  RATCHADAPISEK  Rd., BANGPONGPANG ,  YANNAWA , BANGKOK  10120.","662-295-2071, 683-7240 ",662-294-0649-50 ,macnels@mmp-group.com,,MR.BOONCHAI SORN-NGOD-NGAM 
126,"MACPRO EXPREES CO., LTD.","729/115 RATCHADAPISEK  ROAD ,  BANGPONGPANG, YANNAWA, 
              
BANGKOK 10120.",662-683-8737 (15 LINES) ,"662-683-8837 , 683-7252 ",sompong@macproexpress.com,,MR.SOMPONG MANEENACARITH 
127,"MAGNOLIA LOGISTICS CO.,LTD.","31/20 KRUNGTHEPKRITHRA ROAD, KWANG THAP CHANG, KHET SAPHAN SUNG, BANGKOK 10250",+66 2 736 1824-6 ,+66 2 736 1827 ,kusuma@magnoliagroups.com,http://www.magnoliagroups.com,MS. KUSUMA KOCHANAK 
128,"MAGNUS LOGISTIK CO.,LTD.","8/45 Vista Park, Ratchada-Ramindra Road, Ramindra, Kannayao, Bangkok 10230",662-347-7599 ,662-347-7449 ,info@magnuslogistik.com,http://www.magnuslogistik.com,Mr. Teerawat Munwong (Timmy) 
129,"MAINFREIGHT LOGISTICS (THAILAND) CO., LTD.","193/64, 16TH FLOOR LAKE RAJADA OFFICE COMPLEX, RATCHADAPISEK ROAD, KLONGTOEY, KLONGTOEY, BANGKOK 10110",662-264-0390-5 ,662-264-0396 ,withanya.ceetantivech@mainfrieghtasia.com,http://www.mainfreight.com, 
130,"MARINE EXPRESS CO., LTD.","177/1 BANGKOK UNION INSURANCE, 11th  FLOOR, ZONE A, SURAWONGSE ROAD, SURIYAWONG, BANGRAK,  BANGKOK  10500.","662-237-9599(AUTO),238-3355(AUTO) ","662-236-8771-2 , 266-9417 ",marine@marine-express.co.th,,MR.PRANOTE KRAIPRAYUNE 
131,"MARITIME ALLIANCE CO., LTD.","56 YADA BUILDING, 4th FLOOR, 
ROOM NO. 4/7-8, SILOM ROAD, 
SURIYAWONGSE, BANGRAK, 
BANGKOK  10500",662-632-9993 ,662-632-9880 ,wanwilai.a@malliance.com,http://www.malliance.com,Ms. Wanwilai Arunwuttipong 
132,"MASS TRANSPORT EXPRESS CO., LTD.","42 SOI SOONVIJAI 4,BANGKAPI,HUAI KHWANG,BANGKOK 10130",02-013-5499 (AUTO) ,02-017-4269 ,"customers@mass.co.th, gun@mass.co.th, naruedee@mas",http://www.mass.co.th,MR. GUN JIRAKIERTIVADHANA 
133,"MASTERICH CO., LTD.","3388/68 19 FL., SIRINRAT BLDG., RAMA IV RD.,
KLONGTON, KLONGTOEY, 
BANGKOK  10110",662-367-5558 ,662-367-5288-89 ,"info@masterich.com, tanate@masterich.com",,MR.TANATE ONGARTNIRAMAI 
134,"MAXX WORLD LOGISTICS CO., LTD.","662/29-32 RAMA 3 ROAD, BANGPONGPANG, YANNAWA, BANGKOK 10120",02-682-1888 ,02-682-3750 ,center@maxxlogs.com,, 
135,"MEIKO TRANS ( THAILAND ) CO., LTD.","216/67 L.P.N. TOWER, 16th FLOOR UNIT A, NANGLINCHEE RD,CHONGNONSEE, YANNAWA, BANGKOK 10120",662-650-1555 ,662-285-2896-7 ,"sale@meikoasia.com, nitivadee@meikoasia.com",http://www.meikoasia.com,Ms. Nitivadee Sakdatorn 
136,"METROPOLITAN LOGISTICS CO.,LTD.","516,518 SOI RAMA II SOI 60, RAMA II ROAD, SAMAE DAM, BANG KHUN THIAN, BANGKOK 10150",02-415-4323 ,02-415-4324 ,fhakumnod@met-logs.com,http://www.met-logs.com,MS. FHAKUMNOD HATTHAPAN 
137,"MITSUBISHI LOGISTICS ( THAILAND ) CO., LTD.","139 SETTHIWAN  BLDG. , 16th  FL. ,
PAN  ROAD ,  SILOM ,  BANGRUK ,
BANGKOK  10500.","662-237-9272 , 237-9093-4 ",662-237-9276 ,radchaneekorn.n@mitsubishi-logistics.co.th,http://radchaneekorn.n@mitsubishi-logistics.co.th,MS. RADCHANEEKORN NUCHNIT 
138,"MITSUI-SOKO ( THAILAND ) CO., LTD.","287 LIBERTY SQUARE BUILDING 11th FLOOR ,SILOM ROAD, SILOM
BANGRAK , BANGKOK   10500.",662-012-4900 ,662-012-4999 ,monchai@mitsui-soko.co.th,,MR.MONCHAI JUNGKITCHAROEN 
139,"MKC (THAILAND) CO.,LTD.","2533 SUKHUMVIT ROAD, BANGCHACK, PHAKANONG, BANGKOK 10260",02-730-3299 ,02-730-3224 ,"satoru_matsuda@mkcthai.co.th, rachanee_r@mkcthai.c",, 
140,"MOL LOGISTICS (THAILAND) CO., LTD."," 163 Thai Samut Building,11th-12th Floor, Surawongse Road, Suriyawongse Sub-District, Bangrak District, Bangkok 10500","+66 (0) 2287-7878, 66 (0) 2030-2888 ","+66 (0) 2287-7871-3, 66 (0) 2237-9201 ",phurida@mol-logistics.co.th,http://www.mol-logistics.co.th,MS. PHURIDA PHENPIAN 
141,"MOVEMAX SYSTEM LOGISTICS CO.,LTD.","1 MD TOWER BLDG., 7FL., SOI BANGNA-TRAD 25, BANGNA-TRAD RD., BANGNA, BANGNA, BANGKOK 10260",02-1864983-5 ,02-1864986 ,movemax@movemax.net; manager@movemax.net,,MS. TANYA KHIEWBANMAI 
142,MS SUPPLY CHAIN SOLUTIONS ( THAILAND ) LTD.,"2126 - KROMADIT  BUILDING ,  5th  FL. ,
NEW PETCHBURI RD., BANGKAPI, HUAYKWANG, 
BANGKOK  10310.",662-715-6500 ,662-715-6555 ,Ampai.Ch@mscs-th.com; Waraporn.Ch@mscs-th.com,http://www.mscs.co.th,MS.THANYAPORN PHANRUENGWONG 
143,MSI LOGISTICS LIMITED,"9 Soi Seri Villa Village (1st Intersection),
Srinakarin Road,  Nhongbon,  Praves, 
BANGKOK 10250.","662-398-3388,398-2266 ","662-398-3381, 662-748-2964 ",admins@msi-logistics.net,http://www.msi-logistics.net,MS. NATTHAKARN MONGKHOLSUVABUNDIT 
144,"MULTI FREIGHT SYSTEM CO., LTD.","554 RACHADAPISEK26, RACHADAPISEK ROAD, SAMSENNOK, HUAYKWANG,  BANGKOK  10310.",662-541-4144 (10 LINES) ,662-938-9857 ,"md.mfs@multiairservices.com,mfs@multiairservices.c",http://www.mfs.co.th,MR. PREECHA MUKDAPRASIT 
145,"NAIGAI NITTO LOGISTICS (THAILAND) CO., LTD.","19 SRINAKARIN ROAD,
NORTH BANGNA, BANGNA,
BANGKOK 10260,THAILAND",662-338-7488 ,662-338-7499 ,admin@profrtgroup.com,,MR.SUWIT RATANACHINDA 
146,NASA TRANSPORT CORPORATION LTD.,"17 SOI RAMINTRA 55/8 TARANG, BANGKHEN, BANGKOK 10230",662-347-0733 ,662-347-0743 ,cs@nasatransport.com,,MR.PORNCHAI BOONTHUMMATHIT 
147,"NIPPON EXPRESS ( THAILAND ) CO., LTD.","2032 3rd Floor,4th Floor, 2034/86 19th Floor Italthai Tower, New Petchburi Road, Bangkapi, Huaykwang, Bangkok 10310","662-080-7666,080-7555 ",662-080-7556-57 ,somsakc@nittsu.co.th,,MR. SOMSAK CHAIPRAPA 
148,"NIPPON KONPO (THAILAND) CO., LTD.","52 THANIYA PLAZA, 22nd FLOOR ZONE D, SILOM ROAD, 
SURIYAWONGSE, BANGRAK, BANGKOK  10500",662-231-2481-3 ,662-231-2484 ,nktbkk@ksc.th.com,http://www.anilogi.com/webmail,MR.ADISORN SUWANDEE 
149,"NNR GLOBAL LOGISTICS ( THAILAND ) CO., LTD.","89 MOTORWAY ROAD, KWANG KLONGSONGTONNOON, KHET LAT KRABANG, BANGKOK 10520",662-184-9545-54 ,662-184-9541-44 ,thaninpong.p@nnrbkk.com,,Mr. Thaninpong Puvalertreungwut 
150,"NOATUM LOGISTICS (THAILAND) CO.,LTD.","253, 21 Fl., Soi Sukhumvit 21 (Asoke), Sukhumvit Rd, Klongtoey Nua, Wattana, Bangkok 10110 Thailand",662-204-1966-9 ,662-204-1965 ,Somchai.thaitaechawat@miq.com,http://miq.com,MR. SOMCHAI THAITAECHAWAT 
151,"NTL NAIGAI TRANS LINE (THAILAND) CO., LTD.","287 LIBERTY SQUARE BUILDING 
14th FLOOR, SILOM ROAD, SILOM
BANGRAK , BANGKOK 10500",662-066-7700 ,662-066-7720 ,ntl@ntl-naigai.co.th,http://www.ntl-naigai.com,MS.SUNISA NAKKARAT 
152,"OCEAN AIR INTERNATIONAL CO., LTD.","1249/219 GEMS TOWER, 38th FLOOR, CHAROENKRUNG ROAD, SURIYAWONGSE, BANGRAK, BANGKOK  10500",662-267-4949-53 ,662-267-4954 ,"oceanair@loxinfo.co.th,terapol@oceanairinter.com,o",http://oceanairinter.com,MR.TERAPOL KLAYOO 
153,"OKAMOTO LOGISTICS (THAILAND) CO.,LTD","AMATA NAKORN INDUSTRIAL ESTATE PHASE7, 700/655 MOO 1, BANGNA-TRAD ROAD.,TAMBOL PHANTHONG, AMPHUR PHANTHONG, CHONBURI 20160",663-8210-278-84 ,"663-8210-284,286 ",attaporn@okalog.co.th,http://www.okamoto.co.jp,MR.ATTAPORN PETSUWAN 
154,OOCL LOGISTICS (T) LTD.,,662-646-9590 ,662-646-9580-1 ,noppadol.watthakovith@oocllogistics.com,, 
155,"OPENSEA CARGO SERVICE CO., LTD.","223/29, 10th FLOOR, COUNTRY COMPLEX TOWER , SANPHAWUT ROAD, BANGNA TAI, BANGNA, BANGKOK 10260 THAILAND",662-745-7800 ,662-745-7865 ,contact@opensea.co.th,,MR. THAMAPAT PATTARATAM 
156,"ORIENT EXPRESS CONTAINER ( T ) CO., LTD.","2024/118 RIMTANGROTFAI  SAIPAKNAM ROAD, PRAKHANONG, KLONGTOEY, BANGKOK   10110.",662-333-0720-4 ,662-332-3809 ,all@oecbkk.com,,MR.PHAT JIERAPONG 
157,"ORIENT STAR INTERNATIONAL LOGISTICS CO., LTD.","71/30 Barom-ratchonanee Road, Aroon-amrin,Bangkoknoi, Bangkok 10700",(66-2) 8848666 (Auto) ,(662-2) 8847750-51 ,jeed@orientstar.co.th,http://www.orientstargroup.com,"MS. RAPEEORN PANEETATYASAI, Mr. Dherawat Vidhech "
158,"PAC ORIENT CO.,LTD.","109 Surawong Rd., Suriyawong, Bangrak, Bangkok10500",662-238 1175-7 ,662-237 6886 ,sales@pac-orient.com,,MR.CHAIYANUN  
159,"PACIFIC STAR ALLIANCE CO.,LTD.","116/89 SSP TOWER 2, 23RD FL., NA-RANONG ROAD, KLONGTOEY, KLONGTOEY, BANGKOK, 10110",662-671-2366 ,662-671-2369-70 ,pacific@pacificstar.co.th,http://www.pacificstar.co.th,K. SIRIRAT PIUMWATATHAPORN 
160,PENANSHIN SHIPPING (THAILAND) LTD.,"729/116 RATCHADAPISEK RD., BANGPONGPANG,
YANNAWA, BANGKOK  10120",662-683-9570 ,662-683-7177 ,penanshin@penanshin.co.th,,MR.ANU KONGAMORMPINYO 
161,"PERFECT TRANSIT CO., LTD.","106/13-14 MOO 9, TUNGSUKHLA, SRIRACHA, CHONBURI 20230",038-109-181-2 ,038-109183 ,kitisak@perfecttransit.co.th,,MR. KITTSAK THIAMRATTANANON 
162,"PILOT CONSOLIDATOR CO., LTD.","PILOT  HOUSE , 2024/84-8511  SUKHUMVIT  50 , RIMTANG  ROTFAI  RD. ,  PRAKANONG BANGKOK  10250.",662-333-0505-8 ,662-742-8727 ,vira@pilotbkk.com,,MR.SENI NIVATPUMIN 
163,"PILOT AIR CARGO CO.,LTD.","2024/47-48 SUKHUMVIT 50, RIMTHANG ROTFAI ROAD, PHRAKANONG, KLONGTOEY, BANGKOK, THAILAND  10260",662-715-9900-18 ,662-742-8288 ,rueangrit@pilotcargothailand.com,http://www.pilotcargothailand.com,MR. RUEANGRIT POOMSRISAARD 
164,"PINNACLE LOGISTICS (THAILAND) CO., LTD.","69/178 SOI RAMKHAMHAENG 164, MINBURI, MINBURI, BANGKOK  10510",662-978-6905 (auto 12 lines) ,662-978-6910 ,puntip@pinnacle-logistics.com,http://www.pinnacle-logistics.com,MR.Sompoch Udomsri/Ms. Puntip Tessalee 
165,"PIONEER OCEAN FREIGHT CO., LTD.","33656/30 RAMA IV ROAD, KHWANG KLONGTON, KHET KLONGTOEY, BANGKOK 10110 THAILAND",662-367-3655-68 ,662-367-3654 ,info@pioneergroup.in.th,,MR.CHAMLONG PHUNCHAROENSIN 
166,"POLAR STAR CO., LTD.","888 POLARIS TOWER, SUKHUMVIT SOI 20, SUKHUMVIT RD., KLONGTOEY, KLONGTOEY, BANGKOK  10110",662-291-9979 ,"662-291-9928, 662-291-8171 ",info@polarstar.co.th,http://polarstar.co.th,MR.CHANAK HONGSUNIRUNDON 
167,"PORNVATANA TRANSPORT CO., LTD.","55,57 SOI LASAL 79,BANGNA TAI, BANGNA, BANGKOK 10260 THAILAND",662-745-8222 (Hunting) ,"662-745-8015-7, 745-8074-5 ",admin@pornvatana-transport.com,http://www.pornvatana-transport.com,MR. WORAWAT EURWILAICHIT 
168,"PRO INTERFREIGHT CO.,LTD.","29/43 SOI CHAN 43 YAK 26-1-1, BANGKHLO, BANGKHOLAEM, BANGKOK 10120",02-307 8445 ,02-307 8447 ,wiwa@prointerfreight.com,,Ms.Wiwa Meesuksamer 
169,"PROFREIGHT INTERNATIONAL CO., LTD.","19 SRINAKARIN ROAD,
NORTH BANGNA, BANGNA,
BANGKOK 10260",662-338 7488 ,662-338 7499 ,suwit@profrtgroup.com,,MR.SUWIT RATANACHINDA 
170,"PROMARINE EXPRESS CO., LTD","26/55 CHAN SPACE BUILDING 4TH FLOOR,NANGLINCHI ROAD,THUNGMAHAMEK, SATHORN, BANGKOK 10120",662-287-4315-25 ,662-287-0022 ,dussadee@promarine.co.th,http://www.promarine.co.th,MR.AROON KHIENGTHONG 
171,"PROSPEROUS CARGO LOGISTICS CO.,LTD.","NO.1 MONPICHIT BUILDING, 4th FLOOR, RATCHADAPISEK ROAD, BANGPONGPANG, YANNAWA, BANGKOK 10120, THAILAND",662-294-9722 ,662-294-9405 ,golf@properous.co.th,,MR. NOPPADOL ONSRI 
172,"QUALITY FREIGHT INTERNATIONAL CO., LTD.","23/22 SORACHAI BUILDING, 14th FLOOR, 
SUKHUMVIT 63, SUKHUMVIT RD., 
KLONGTON-NUA, WATTANA, BANGKOK  10110",662-714-3011 ,662-714-3154 ,varoon@qfreight.co.th,http://www.qualityfreightgroup.com,MR. VAROON SATHIRAWATKUL 
173,"R.K. INTERNATIONAL FREIGHT CO., LTD.","88 A.P. NAKARIN BUILDING,16th FLOOR , SOI LA SALLE 58, BANGNA TAI, BANGKOK 10260, THAILAND",662-748-6601-4 ,662-748-6605-6 ,operations@rkinter.com,http://www.rkinter.com,MR. CHARUMPORN SUKSAWATDI 
174,"RHENUS LOGISTICS CO., LTD.","191/14  CTI Tower, 28th Floor, Ratchadapisek Road, Klongtoey, Bangkok 10110, Thailand.",662-261-5380-5 ,662-261-5386 ,malinee.nanakorn@th.rhenus.com,http://www.rhenus.com,MS. MALINEE NA NAKORN 
175,"ROJANA DISTRIBUTION CENTER CO., LTD.","MANOROM BUILDING 11 th. FLOOR, 3354 RAMA IV RD., KLONGTOEY, BANGKOK  10110","662-249-8612, 671-6770 ",662-249-8615 ,rdc1@ksc.th.com,,MS.APASSORN MONGKOLHONG 
176,ROYALTAINER CORPORATION LTD.,"123/9 NONSEE ROAD, CHONGNONSEE, YANNAWA, BANGKOK  10120.",662-681-0555 (20 lines) ,662-681-0566 - 68 (3 lines) ,admin@royaltainer.com,http://www.royaltainer.com,Ms. Siriwan Suktavesub 
177,"RR LOGISTICS CO., LTD.","43 Thai CC Tower 3rd Fl,Room no.32
South Sathorn Rd.,Yannawa,Sathorn
Bangkok 10120 Thailand",(662)675 8558 ,(662)675 8118 ,export@rrlogistics.co.th,http://www.rrlogistics.co.th,Mr.Pirom Samode 
178,"RTN LOGISTICS CO., LTD.","1519/71-72 LADPROW 41/1,  LADPROW RD., SAMSENNOK, HUAY KWANG, BANGKOK  10320",662-512-3484 ,662-512-3805-6 ,kamolrat.c@rtnlogistics.co.th,http://www.rtnlogistics.com,"MRS.KAMOLRAT CHUMMANON, MR.PIYA THEERAPIBOON "
179,"S.A. LOGISTICS CO., LTD.","1447 TOWN IN TOWN SOI 3/3, SRIWARA ROAD, PLABPLA, WANGTHONGLANG, BANGKOK 10310",662-530-9327 ,662-530-9411 ,salogistics@salogistics.co.th,http://www.salogistics.co.th,MR.APISIT LUANGSUKAVIRIYA 
180,"S.A. OVERSEAS SHIPPING CO., LTD.","1447 TOWN IN TOWN SOI 3/3, SRIWARA ROAD,
PLABPLA, WANGTHONGLANG, BANGKOK 10310",662-530-9327 ,662-530-9411 ,saoverseas@saoverseasshpg.co.th,http://www.saoverseasshpg.co.th,MR.APISIT LUANGSUKAVIRIYA 
181,"S.N.P. LOGISTICS CO.,LTD.","SNP Building 42 Soi Sukhumvit 62, Sukhumvit Road, Phra Khanong Tai, Phra Khanong, Bangkok 10260",662-333 1199 ,662-333 1166 ,"logistics@snp.co.th, patcharin@snp.co.th",http://www.snp.co.th,MS. PATCHARIN KHUMKOCN 
182,"SAFCO INTERNATIONAL (THAILAND) CO.,LTD.","111/16 SOI SOMPRASONG III 
PHAYATHAI RD., RAJTHAVEE,
BANGKOK, 10400 
THAILAND","662-6538082-4, 662-257977-8 ",- ,admin@safco.co.th,http://www.safco.com.tw,K. Toon # 102 / Admin 
183,"SCHENKER ( THAI ) CO., LTD.","3388/54-61, 66-67 Sirinrat Building, 16th, 17th ,19th  Floor, Rama 4 Road, Klongton, Klongtoey, Bangkok 10110",662-269-6500 ,662-367-5351 ,Pachara.mekwimol@dbschenker.com,http://www.schenker.co.th,MR. PACHARA MEKWIMOL  
184,"SEA & AERO LOGISTICS CO., LTD.","719, KPN TOWER, 23 FLOOR, RAMA 9 RD.,
BANGKAPI, HUAY KWANG
BANGKOK  10310",662-717-1166 ,662-717-1169 ,surachai@seaaero.co.th,http://www.seaaero.co.th,Mr. Surachai Pongpensuk 
185,"SEABRA TRANS INTERNATIONAL CO., LTD.","116/94 - 95  SSP TOWER  II, 25th  FL.,NA-RANONG  ROAD ,  
KLONGTOEY , BKK  10110.",662-697-4999 ,662-671-0800 ,seabra@seabratrans.com,http://www.seabra.co.th/,"MS. NALIN VIPUSANAMUNGKLA,MS THIDARAT CHANTHAI "
186,"SEAGATE LOGISTICS (THAILAND) CO.,LTD.","888 I-TOWER BLDG., 11th FLOOR, VIBHAVADI-RANGSIT RD., CHATUCHAK, CHATUCHAK, BANGKOK 10900",662-554-9761-3 ,662-513-3401 ,bkkacct@seagatelogistics.com,http://www.seagatelogistics.com,MS. SUPHAK CHOOIT 
187,"SERENE AGENCY CO.,LTD.","1000/25-26 10TH FL., LIBERTY PLAZA BUILDING, SOI THONGLOR, SUKHUMVIT 55 ROAD, KLONGTON NUA, WATTANA, BANGKOK,10110",02-713-1920-4 ,02-713-3735 ,"sereneagencybkk@gmail.com, tikporn@loxinfo.co.th",,MR. MANIK YARUNGSEE 
188,"SGL LOGISTICS MANAGEMENT CO.,LTD.","77-90-91 SINNSATHORN TOWER, 22ND FLOOR KRUNGDHONBURI ROAD, KLONGTONSAI, KLONGSARN, BANGKOK, 10600",02-8623092-4 ,02-8623091 ,thanrawee@sgl-logistics.com,http://www.sgl-logistics.com,MS. THANRAWEE PIPITTEERATHAYAKUL 
189,SHIP-LOG (THAILAND) LTD.,"1258/34 River View Place Building D, 5th Floor, Rama 3 Road, Chongnonsee, Yannawa, Bangkok 10120",662-294-9381-4 ,662-294-9398 ,chsu@ship-log.com,http://www.ship-log.com,MS. ORANUCH THAPTHIMPRIA 
190,SHIPCO TRANSPORT (THAILAND) LTD.,"4345 Bhiraj Tower at BITEC, 21st Fl., Sukhumvit Road, South Bangna, Bangna, Bangkok 10260",662-026-3889 , ,bkk@shipco.com,http://www.shipco.com,"Mr.Erik A. Thomle, Ms.Lilly Mongkolratch "
191,"SIAM ANGLO TRANS CORP., LTD.","3366/37 SOI MANOROM, RAMA 4 ROAD, KWAENG KLONGTON,
KHET KLONGTOEY, BANGKOK  10110",+66 02 672 7055 ,+66 02 671 6793-4 ,pitak@siamanglotrans.com,http://www.siamanglotrans.com,MR. AKANUTT CHANPUPLASOOK 
192,"SIAM KARGO LOGISTICS CO., LTD.","522/165 SOI SAPTHANI ASOKE-DINDAENG RD.,
DINDAENG, BANGKOK 10320",662-247-0088 ,662-246-6460 ,"kanyanat@siamkargo.com , kanokporn@siamkargo.com,",http://www.siamkargo.com,MR. SURADEJ KIJPITAK 
193,"SIAM NISTRANS CO.,LTD.","191/68-69 CTI TOWER FLOOR15, RATCHADAPISEK ROAD, KLONGTOEY, BANGKOK 10110","662-261-1080, 662-261-5343-7 ",662-261-1024 ,sutisa@th.nissin-asia.com,http://www.nissin-tw.co.jp/nissine/index_e.html,"MRS. SUTISA PEERAYUTH, MS. ROMMANEEYA JUBOONSONG "
194,"SILVER LINE LOGISTICS CO.,LTD","1000/35 P.B. TOWER 10 TH FLOOR, SUKHUMVIT 71 RD.,NORTH  KLONGTAN, WATTANA, BANGKOK  10110.",662-391-7750 (AUTO) ,662-391-7751 ,teerapun@silverline.co.th,,MR.TEERAPUN TANGPINITCHIT 
195,"SINO LOGISTICS CORPORATION CO.,LTD.","1011 SUPALAI GRAND TOWER UNIT 05 7th FLOOR, RAMA 3 ROAD, CHONGNONSEE, YANNAWA, BANGKOK 10120",02-687-0477 ,02-687-0486 ,nanmanus.w@sinoconnections.com,http://www.sinoconnections.com,Nanmanus Witthayasakpant 
196,"SINSIMON ENTERPRISE CO., LTD.","129 ANAMAI-NGAMCHAROEN ROAD, 
THA-KHAM, BANGKHUNTIEN, BANGKOK  10150",662-417-0581-6 ,662-417-0587 ,amporn@ssmenterprise.com,,MR.AMPORN MAIPRASERT 
197,"SITTHI LOGISTICS (THAILAND) CO.,LTD.","999/240-241 Moo 12 T.Mueangkhao, A.Mueangkhonkaen, Khonkaen 40000 Thailand","043-471-828,471-829 ",043-471-827 ,"mboliban282@gmail.com,giftzeeza1234@gmail.com,sitt",,MR. MONTREE BORIBAN 
198,SONIC INTERFREIGHT PUBLIC COMPANY LIMITED,"79/349-350 1st and 2nd Floor 
Sathupradit Rd., Chongnonsee, Yannawa, Bangkok -10120",662-213-2999 ,662-213-2499 ,santisuk@sonic.co.th,http://www.sonic.co.th,MR.SUNTISUK K.ARPANANT 
199,"SPEEDMARK TRANSPORTATION (THAILAND) CO., LTD.","121/73 ,RS Tower ,23rd Floor , Ratchadapisek Road,
Dindeang , Bangkok 10400 ",662-642-2888 ,662-642-2689-91 ,anusorn@speedmark.co.th,http://www.speedmark.com,Mr. Anusorn Puengporn 
200,"STAR OVERSEAS CO.,LTD.","662/52 SOI SUKHUMVIT 50, PRAKHANONG, KLONGTOEY, BANGKOK 10110",02-108-7433-35 ,02-108-7436 ,chotipha.s@staroverseas.co.th,,MS. CHOTIPHA SUPUKNITCHAKUL 
201,"T-SAVE CO., LTD.","2024/161 RIMTHANGRODFAI, PAKNAM RD.,
PRAKANONG, KLONGTOEY, BANGKOK 10260",662-742-9710 ,662-742-9491 ,tsave@truemail.co.th,,MR. TRETHIP LIMSAVARN 
202,"T.M.T.OCEAN SERVICE CO., LTD.","91 Soi Intanara 18, Vibhavadee Rangsit Rd., Ratchadaphisek, Din Deang, Bangkok 10400",662-690-8060 ,662-690-8033 ,tmtbkk@tmtcargo.com,http://www.tmtcargo.com,MR.PORNCHAI TATIYANUPARP 
203,"T.V.L. GLOBAL LOGISTICS (T) CO.,LTD.","11/4 RATCHADAPISEK ROAD, CHONGNONSI, YANNAWA, 
BANGKOK   10120",(662) 678-1685 ,"(662) 678-2473, 2254, 1753 ",piya@tvlthailand.co.th,http://www.tvlgroups.com,MR.PIYA KUSOLMANOSUK 
204,"TAC OCEAN FREIGHT CO., LTD.","NO.1,  5th  FL.,  TAC  HOUSE , SOI  RUAMRUDI , PLOENCHIT  RD. LUMPINI ,PATHUMWAN  BANGKOK  10330.",662-650-8061-9 ,662-650-8070-1 ,tacocean@loxinfo.co.th,,MR.CHANCHAI TUVATTANAVANIT 
205,"Ti2 Shipping ( Thailand ) Co.,Ltd","65, 42 TOWER BUILDING, 10TH FLOOR, ROOM 1003, SOI SUKHUMVIT 42 (KLUAYNAMTHAI), SUKHUMVIT RD., PRAKANONG, KLONGTOEY, BANGKOK 10110",02-089-1434 , ,,http://ti2-thshipping.com/,MR. NAWIN CHANGPIROM  
206,"TRANCY LOGISTICS (THAILAND) CO.,LTD","888/187-189 MAHATUN PLAZA 18 FL., PLOENCHIT RD., PATHUMWAN, BANGKOK 10330",662-253-6782 ,662-254-4988 ,kanitta@trancy.co.th,, 
207,"TRANS UNITED LOGISTICS CO., LTD.","683/10 SOI SATHUPRADIT 57 YAEK 3-4, SATHUPRADIT ROAD, BANGPONGPANG, YANNAWA, BANGKOK 10120","662-294-2679,682-4560-61 ",662-682-4563 ,waroonyupa.u@tulogistics.com,http://www.tulogistics.com,MS. WAROONYUPA UTHAIPATTARAKUL 
208,"TRANS-MAKER CO.,LTD.","41/2 Soi Athakravi 1, Rama 4 Road,
Klongton, Klongtoey, Bangkok 10110 Thailand",662-2597530 ,662-2597532 ,tmkdoc@trans-maker.com,http://www.trans-maker.com,Ms. Mayuree Lekklang 
209,"TRANSCONTAINER LOGISTICS (THAILAND) CO., LTD.","23/11-12 SORACHAI BLDG., 11th FLOOR, 
SOI SUKHUMVIT 63, SUKHUMVIT RD.,
KLONGTON-NUA, VADHANA, BANGKOK 10110",662-714-3080 ,662-714-3094-5 ,suchadac@tcl.co.th,,MS.SUCHADA CHAIYARAJ 
210,TRIPLE I LOGISTICS PUBLIC COMPANY LIMITED,"3RD FLOOR, SCG BUILDING,
631 NONSEE RD.,
CHONGNONSEE, YANNAWA
BANGKOK 10120 THAILAND",662-681-8700 ,662-681-8701 ,amy@iii-interfreight.com,,MS. SHUTIMA BORIPATKOSOL 
211,"TS TRANSMEGA CO., LTD.","91/1 CHAIYO BUILDING, FLOOR 7 ,RAMA 9 ROAD, HUAYKWANG, HUAYKWANG ,BANGKOK 10310  THAILAND",662-643-8050 ,662-643-8051 ,niphon@tstransmega.co.th,http://tucksun.com/,MR. NIPHON SANGKHAJAN  
212,"UNI-INTER TRANSPORT CO., LTD.","717 SOI SUKHUMVIT 50, SUKHUMVIT ROAD, PHARKANONG, KLONGTOEY, BANGKOK 10260, THAILAND",662-742-8350 ,662-742-8360 ,prayat@uniinter.co.th,http://www.uniinter.co.th,Mr. Prayat Limsupanark 
213,"UNIQUE INTERNATIONAL FORWARDING CO., LTD.","514/14 Regent Ratchada, Soi Ramkhamhaeng 39 (Theplila 1), Khwang Wangthonglang, Khet Wangthonlang, Bangkok 10310",662-158-2560 - 67 (12 Lines) ,662-158-2588 - 89 ,yupaporn@uif-forwarding.com,,MS. YUPAPORN RINTHARA 
214,"UNITED MARINE LOGISTICS CO.,LTD. (UMAC.)","11/11 RATCHADAPISEK RD., CHONGNONSEE, YANNAWA, BANGKOK 10120 THAILAND.",662-678-2111 (auto) ,662-678-2644-6. ,satanan@umac.co.th,http://www.umac.co.th,MR. SATANAN WITHITKUN. 
215,UNITED THAI SHIPPING CORPORATION LIMITED,"25 ALMALINK BUILDING (11 th FLOOR) SOI CHILOM, PHLOENCHIT ROAD, LUMPHINI, PATHUMWAN, BANGKOK 10330",(66) 2254 8400 ,(66) 2255 1155 ,phatthiya.p@unithai.com,http://www.unithai.com,MS.PHATTHIYA PHUMMARIN 
216,"UNIVERSE LOGISTICS INTERNATIONAL CO.,LTD.","71/30 Barom-ratchonanee Road, Aroon-amrin, Bangkoknoi, Bangkok 10700",662-884-8666 ,662-884-7752 ,gun@universeloggroup.com,http://www.universelogisticsgroup.com,MR. GUN NIRAMANSAKUL 
217,"UNLIMITED EXPRESS (THAILAND) CORP., LTD.","NO.23/17-18, 12th FLOOR, SORACHAI BLDG.,
SOI SUKHUMVIT 63, SUKHUMVIT RD., 
NORTH KLONGTON, WATTANA, BANGKOK 10110",662-381-7575 (24 LINES) ,"662-391-4969, 391-4979 ",general@uecbkk.com,http://www.uecgroup.com,MRS.JIDAPA ARCHAWAKUN 
218,"UTMOST LOGITEC(THAILAND) CO.,LTD.","1350/144-145 Thai Roung Tower Bldg., 10th Floor, Pattanakarn Road, Suan Luang, Bangkok 10250 Thailand",662-013-5716  ,662-013-5716  ,worawit@utmost.co.th,,MR. WORAWIT MEKRAKSAWANICH 
219,"V-LINK EXPRESS CO.,LTD.","467/1, 6 TH FLOOR, MONGKOL BUILDING, RAMA 3 ROAD., BANGKHLO, BANGKORLAEM, BANGKOK  10120, THAILAND",662-051-9988 (HUNTING) ,662-059-4801 & 2 ,cs2@vlinkexpress.com;acct@vlinkexpress.com,http://vlinkexpress.com/,MR. MONGKOL PANPHOONSUP 
220,V-SERVE SEA & LAND LTD.,"709/54-55 4th FLOOR, ONNUCH SOI SUKHUMVIT 77,SUANLUANG, SUANLUANG, BANGKOK  10250",662-332-3940-9 ,662-332-0754-6 ,thida@v-servegroup.com,,MR.TANIT SORAT 
221,"V. CARGO CO., LTD.","9/233-234 Soi Paholyothin 48, Paholyothin Rd., Anusavaree, Bangkhen, Bangkok 10220","662-971 4227-9, 662-955 7725-28 ","662-971 3974, 662-552 8601 ",info@vcargo.co.th,http://www.vcargo.co.th,Khun Nattakan Puprasert 
222,"V. PACK & MOVE (BANGKOK) CO., LTD.","90/1 Moo.4, T.Bangchalong, A.Bangplee Samutprakarn
10540 Thailand",662-750-9555 ,662-750-9556-7 ,vpack@vpackmove.com,http://www.vpackmove.com,Mr.Nuttacom Rungrassamee 
223,"VANGUARD LOGISTICS SERVICES (THAILAND) CO., LTD.",, , ,,, 
224,"VEGA WORLD (THAILAND) CO.,LTD.","106/35-36 MOO 9, THUNGSUKLA, SRIRACHA, CHONBURI 20230",038-110-931-2 ,- ,cs@vegaworldthailand.com,,MRS. RACHANEE SUPHAPRASERT 
225,"VICTOR RICHER TRANS CO.,LTD.","39/35 SIRI SQUARE, SOI CHAROENKRUNG 80, BANGKHOLAEM, BANGKOK 10120",02-126-7888 ,02-126-7890 ,account@vrtrans.com,http://www.vrtrans.com,MRS. KULLAKARN KULLAPATCHPARINYA 
226,"WAKO LOGISTICS (THAILAND) CO., LTD.","75/18 Ocean Tower 2 Bldg, 16th Fl., Sukhumvit 19 (Wattana),
Klongtoey Nua, Wattana, Bangkok 10110",662 665 2864-9  ,662 665 2870 ,info@wakologistics.co.th,http://www.wakologistics.co.th, 
227,"WEIMING LOGISTICS & SHIPPING CO., LTD.","90 CW TOWER, TOWER B, 25th FLOOR, UNIT B2501, RATCHADAPHISEK ROAD, HUAI KWANG, HUAI KWANG, BANHKOK 10310 ","02-168-3202,3204,3205 ",02-168-3274 ,shipping@weimingth.com,,MS. PORNPIMON TIMGAR  
228,"WELL GROWTH INTERNATIONAL (THAILAND) CO., LTD.","No.324/30,31,32 BANGNA RESIDENCE BUILDING, 1ST FLOOR,SANPAWUT ROAD,BANGNA NUA,BANGNA,BANGKOK 10260 ","662-117-3407-8, 662-117-3426 ",662-117-3427 ,wlgiops@wellgrowth.co.th,,MS. JIRANUN KONKLA 
229,"WHALE LOGISTICS (THAILAND) CO.,LTD.","919/229 MOO 12, TUNGSUKHLA, SRIRACHA, CHONBURI 20230",038-350-423 ,038-350-421 ,info@whale-logistics.com,,MR. TEERACHIT SONJANG 
230,WICE LOGISTICS PUBLIC COMPANY LIMITED,"88/8  NONSEE  ROAD , 
CHONG-NONSEE YANNAWA , 
BANGKOK 10120
THAILAND",662-681-6181 ,662-681-6173-5 ,bkksea1@wice.co.th,http://www.wice.co.th,MS.ARAYA KONGSOONTHORN 
